Dwie Wieże Flanders Red Ale Red Wine Foeder Aged,Sour Red / Brown,6
Zamkowy Cieszyn Rye Wine Cieszyńskie,Barley Wine / Wheat Wine,9.9
Palatum Cold Crush,IPA - Black / Dark,6.8
Dwie Wieże Gruszka Morela Sour Ale,Sour / Wild Ale,5.5
AleBrowar / BrauKunstKeller Herr Axolotl (Raspberry),Berliner Weisse,3.8
Golem Double Dybuk,Porter - Imperial / Double,10
Palatum Lapsus,Grodziskie/Gose/Lichtenhainer,3.3
The Garage Monks Redneck,Berliner Weisse,4.3
Ziemia Obiecana Hallo Berlin!,IPA - Session,5.5
Ziemia Obiecana Tak Trzeba Żyć,Sour / Wild Ale,5.7
PiwoWarownia Czerwony Kapselek,IPA,5.2
Deer Bear Let's Cook Mango Gose,Grodziskie/Gose/Lichtenhainer,4.6
Podgórz Siostra Bożenka,IPA,6
Piwojad Blanka Pinot Blanc & Pinot Noir BA,Witbier,5
Dugges Black Currant,Sour / Wild Ale,4.5
Piwojad Czternastka,Czech Pilsner (Světlý),5.8
PINTA Go Deeper,IPA,7.2
Łańcut Flanders Brett,Sour / Wild Ale,6.7
Brovca Atlantyk,Pale Ale - American,5.8
Waszczukowe Porter z Puszczy,Porter - Baltic,10
Hopium Dawid Hazylhopp,IPA,5.4
Łańcut Czarna Polewka,Stout,4.8
Rzeka Piwa Grim Beaver,Wheat Ale,4.8
Palatum Amicus Tropicus,Sour / Wild Ale,5.2
Kingpin Señor Ehuehue,IPA - Imperial / Double,5.7
Harpagan Klątwa Masztalerza,Sour / Wild Ale,5.6
Dwie Wieże RIS,Stout - Imperial,9
Harpagan Kuracja Szamana,Grodziskie/Gose/Lichtenhainer,3.5
Golem Lilith Rum Barrel-Aged,Stout - Imperial,10
Hopium Miroslav Gose,Grodziskie/Gose/Lichtenhainer,5.3
Kazimierz Mangoł,Pale Ale - American,4.2
PINTA Parritapa,Pale Ale - American,5
AleBrowar Brown Foot,Brown Ale,6.2
Ziemia Obiecana Luis,Saison,5.6
Boon Oude Kriek,Lambic - Fruited,6.5
Dwie Wieże Flanders Red Ale Red Wine Foeder Aged,Sour Red / Brown,6
Dieu du Ciel! Aphrodisiaque,Stout,6.5
Artezan Too Young To Be Herod 2018,Stout - Imperial,10
Pracownia Piwa Szkieletor,Porter - Baltic,7.9
Hopium Miroslav Gose,Grodziskie/Gose/Lichtenhainer,5.3
Brokreacja Imperialny Nafciarz,Smoked,10
PiwoWarownia Córka Młynarza,Wheat Ale,4.8
Tempest All The Leaves Are Brown Bourbon Barrel,Brown Ale,11.2
Poličské Otakar Světlý Ležák 11°,Czech Pilsner (Světlý),4.5
Zubr Classic Tmavé,Dunkel / Tmavy,4.1
Fierce Imperial Cafe Racer,Porter - Imperial / Double,8
Vocation Love & Hate 7.2%,IPA - Hazy / New England,7.2
De Molen / Hair of the Dog Binkie Claws (2017) Bourbon BA,Barley Wine / Wheat Wine,14.4
De Molen / Hair of the Dog Binkie Claws BA Almond ,Barley Wine / Wheat Wine,11.2
Piwne Podziemie Dry Hopped Grapefruit,Berliner Weisse,4.2
Pracownia Piwa Hadra,IPA,5.9
PiwoWarownia Oczy Bazyliszka,Fruit Beer,5.2
Poutnik Pelhrimov Světlý Ležák Prémium 12°,Czech Pilsner (Světlý),5
Łańcut Pospolite Ruszenie,Pale Ale - American,5.1
Pracownia Piwa Wawelowe Porzeczkowe,Fruit Beer,2.5
Marble Ezekiel,IPA,6.3
Cloudwater MCR DIPA Citra BBC,IPA - Imperial / Double,8.5
Dunham Petit Bouddha,Saison,6.1
La Pirata / Les Trois Mousquetaires Barcelona Tropical,IPA,6.5
Brokreacja Devil Ink,IPA - Session,5
Tenczynek Bock,Bock - Dunkler / Urbock,6.8
The Kernel Biere de Saison - Damson,Saison,4.4
De Molen Hel & Verdoemenis Bowmore BA,Stout - Imperial,11.8
Dolina BoBRU Trickster,IPA,5.6
To Øl Goliat Imperial Coffee Stout,Stout - Imperial,10.1
Langier Beer Hazy Crazy,IPA,5.6
Podgórz Galaktyka Piwnix,IPA - Black / Dark,5.6
Evil Twin Even More Coco Jesus ,Stout - Imperial,12
AleSmith Speedway Stout - Hawaiian,Stout - Imperial,12
The Kernel Imperial Brown Stout London 1856,Stout - Imperial,10.1
Pracownia Piwa Tango z Mango,Fruit Beer,6.7
Zakładowy Mleczarz,Stout - Sweet,5.5
Pracownia Piwa Hazy Side of Life,IPA,6
Piwne Podziemie Dry Hopped Pineapple,Berliner Weisse,4.2
PiwoWarownia Koszałek Hopałek,Pale Ale - American,4.6
Podgórz Owca Na Orbicie,Witbier,5
Hopium Bruce Wheatlis,Wheat Ale,5.4
Dieu du Ciel! Péché Mortel Islay,Stout - Imperial,9.5
Trzech Kumpli Pils,Pilsener,4.4
Põhjala Öö,Porter - Baltic,10.5
La Pirata Liquid Fear,IPA - Imperial / Double,8.7
Birbant / Szpunt Telepathic,IPA,5
Gzub Melt,Sour / Wild Ale,4.1
Zakładowy Kontenerowiec,Pale Ale - American,4
PINTA / Bakunin Warsaw Express,Barley Wine / Wheat Wine,9.3
Brokreacja The Dealer,Pale Ale - American,4.7
Struise Randolique,Abbey Tripel,8
Zakładowy 300% Normy,IPA - Imperial / Double,8.4
Brokreacja / Dukla Nafciarz Dukielski,Smoked,6.3
Zakładowy Produkt Wzorcowy,IPA,6.3
Litovel Pšeničny Ležák,Weissbier - Hefeweizen,4.7
Bazyliszek Sen o Warszawie,Stout - Sweet,6.6
Podgórz Space Sheep,Pale Ale - American,4.5
Piwne Podziemie Superduper Session,IPA - Session,3.8
PiwoWarownia Kawko i Mlekosz Nu Pagadi,Stout - Imperial,8
Kingpin Beatnik,IPA,6.3
De Molen Amarillo,IPA - Imperial / Double,9.3
Zamkowy Cieszyn / PiwoWarownia Ziółka Dwa i Cztery Zboża,Spice / Herb / Vegetable,5.5
PiwoWarownia Blada Marija,Sour / Wild Ale,0
PiwoWarownia Kawko i Mlekosz,Stout - Sweet,4.5
Podgórz Luzy rajtuzy,Amber Ale,5
Podgórz / Szałpiw Szał Ciał,Wheat Ale,5
Golem אובך אובך (Owech Hazy DIPA),IPA - Imperial / Double,7.2
Pipeworks Mocha Abduction,Stout - Imperial,10.5
Rockmill Episode 10: Rauchbock,Smoked,6.5
Trzech Kumpli Feelin' Lucky,IPA,6.1
Wild Beer Sleeping Lemons,Grodziskie/Gose/Lichtenhainer,3.6
Brokreacja The Miner,IPA - Black / Dark,6.7
AleSmith Old Numbskull,Barley Wine / Wheat Wine,11
Cigar City Marshal Zhukov's Imperial Stout,Stout - Imperial,11.8
Artezan Coffee Wołga,Stout,5.5
Les Trois Mousquetaires Porter Baltique,Porter - Baltic,10
Brokreacja The Butcher,IPA,7
PiwoWarownia Rumpelszpunt,Abbey Quadrupel / Abt,10.2
Artezan Dodo,IPA - Hazy / New England,6
Ziemia Obiecana Sydnej,IPA,5.8
Bednary Orzeszek,Brown Ale,6.3
Cascade Manhattan NW,Sour / Wild Ale,11.32
Prairie No Chill,Stout - Sweet,5.1
Kormoran Imperium Prunum,Porter - Baltic,11
Pracownia Piwa / Podgórz Baran z Jajem,Porter - Baltic,9.5
Birbant Porter Bałtycki Klasyczny,Porter - Baltic,10.2
Dziki Wschód Kwaśny Olek,Berliner Weisse,3
Bednary Ale Ciacho! Special Edition,Spice / Herb / Vegetable,5
Solipiwko Baltic Abyss,Porter - Baltic,10.3
Prairie Birthday Bomb!,Stout - Imperial,13
Łańcut Trapper,IPA,5.2
PINTA Sangriale,Fruit Beer,4.9
Trzech Kumpli Brew Note,IPA - Black / Dark,4.5
Pracownia Piwa Kwaśne Przygody Wiśnia,Fruit Beer,4.4
Trzech Kumpli Califia,IPA,7
Brooklyn Sorachi Ace,Saison,7.6
Przystanek Tlen Farmhouse Ale,Saison,4.9
Grodzisk / Live Oak Grodziskie Imperialne,Grodziskie/Gose/Lichtenhainer,7
Zamkowy Cieszyn Rye Wine Cieszyńskie,Barley Wine / Wheat Wine,9.9
Schneider Weisse Tap 5 Meine Hopfen-Weisse,Bock - Weizenbock,8.2
Rockmill Mystery,IPA - Black / Dark,7
PINTA Fest Oktober,Oktoberfest / Märzen,5
Tenczynek Pils,Pilsener,5.4
Paulaner Salvator,Bock - Doppelbock,7.9
Nepomucen / Laugar Hogeita Bost,IPA - Imperial / Double,7.5
Piwne Podziemie Take It Easy (Mosaic),Golden Ale / Blond Ale,4.2
Tiny Rebel Stay Puft Imperial Chocolate ,Porter - Imperial / Double,9
Wild Beer Beyond Modus IV,Sour Red / Brown,8
Podgórz Tatraman,Kölsch,5
PINTA Go Deeper,IPA,7.2
Sori Anniversary Barley Wine 2017,Barley Wine / Wheat Wine,11.6
Omnipollo Noa Pecan Mud Cake,Stout - Imperial,11
8 Wired Once Upon a Time in Blenheim,Lambic - Fruited,8.5
PINTA Pszeżytowies,Specialty Grain,3.9
PINTA FanTassie ,Pale Ale - American,4.7
To Øl Sur Tangerine/Mosaic Lemonade,Radler / Shandy,2.8
Pinta / O'Hara's Lublin to Dublin 2018,Stout - Foreign / Extra,7
Sori Maximón,Porter - Baltic,10.5
Nepomucen / Pinta Viva Śliwa,Grodziskie/Gose/Lichtenhainer,3.9
Łańcut / Pinta Kryształ,Pale Lager,5.2
Łańcut Zawisza Czarny,Stout - Imperial,9.5
HaandBryggeriet / Cervisiam / Frontaal Death by Disco,Stout - Sweet,10
Gzub Easy,Low Alcohol,2.8
Piwne Podziemie Superduper Session,IPA - Session,3.8
Aslin Gose (Blackberry & Raspberry),Grodziskie/Gose/Lichtenhainer,4.5
Evil Twin Imperial Doughnut Break,Porter - Imperial / Double,11.5
Wild Beer Rooting Around - Autumn,Sour / Wild Ale,4.6
Szałpiw Rubus Idaeus Maleficus,Sour / Wild Ale,6.6
Struise Pannepot (10%),Belgian Strong Ale,10
De Molen Tsarina Esra Woodford Reserve BA,Porter - Imperial / Double,11.9
Hopium Marian Rye'ewski,Stout,5.5
Piwojad Muffin,Stout - Sweet,5.1
Trzech Kumpli Idiota,Stout - Imperial,10.5
Wild Beer / Hanging Bat / Blackfriars / Nanban Yadokai,Belgian Strong Ale,13
Hopium Hanss Kłoss,IPA - Session,4.4
Artezan Preparat,Barley Wine / Wheat Wine,9
Artezan Wiewiór,Brown Ale,8
Golem Sour Hazy Orange IPA,Sour / Wild Ale,4.7
Browanza Bear with a beer,IPA,7.2
Dwie Wieże Saison Red Wine Barrel Aged,Saison,6.3
Artezan Samiec Alfa (Barrel Aged),Stout - Imperial,13
Salamander Oatmeal Chocolate Milk Stout Nitro,Stout - Sweet,5.7
Kormoran Porter Warminski,Porter - Baltic,9
Zakładowy Koktajl Towarzyski,IPA - Session,4
Uiltje Schwarzwälderkirsch Cherry Oatmeal Sweet Stout,Stout - Imperial,8
Wild Beer Evolver IPA,IPA,5.8
Kingpin Turbo Geezer,Stout - Foreign / Extra,8.3
Pracownia Piwa LAB 25,Saison,6.8
Pracownia Piwa The Deer Hunter,IPA - Imperial / Double,7.5
Pracownia Piwa Tango z Mango,Fruit Beer,6.7
Rockmill Juicy Delight,IPA - Hazy / New England,6.5
Maryensztadt Projekt Barrel Aged Barley Wine Laphroaig Whisky,Barley Wine / Wheat Wine,9.5
Magic Rock High Wire Grapefruit,Pale Ale - American,5.5
PINTA Atak Chmielu,IPA,6.1
Weird Beard Fade to Black,IPA - Black / Dark,6.3
Green Head - Green Party,IPA - Hazy / New England,5.5
Magic Rock Common Grounds,Porter,5.4
Zakładowy Dział Testowy #2,Abbey Quadrupel / Abt,9.2
Weird Beard Five O'Clock Shadow ,IPA,7.3
BrewDog vs. Amundsen Mallow Mafia,Stout - Imperial,12
Carlow O'Hara's 51st State IPA,IPA,6
Minister  ARE YOU NUTS ?,Stout - Sweet,4.7
WRCLW Barley Wine Nitro Rum BA,Barley Wine / Wheat Wine,10.6
PINTA Pumpk'in'Black,Porter,6
Golem / White Stork O.D.A.A.L. (One Day As A Lion),IPA - Session,5
Minister Are You Nuts?,Stout - Sweet,4.7
Funky Fluid Full Time,IPA - Hazy / New England,7.7
Weird Beard / Northern Monk Habitual Offender,Barley Wine / Wheat Wine,11.6
Cztery Sciany Session Hacjenda,Saison,5.4
Mc Chouffe,Belgian Strong Ale,8
Magic Rock / Kissmeyer Salty Kiss,Grodziskie/Gose/Lichtenhainer,4.1
Łańcut Rajsky Plyn,Czech Pilsner (Světlý),5
Deer Bear La Di Da Di,IPA - Hazy / New England,5
Raduga Samurai Rebellion,IPA,5.7
PINTA Risfactor Bourbon BA,Stout - Imperial,12.5
Golem אובך אובך אובך (Owech Owech Owech Hazy TIPA) Bourbon BA,IPA - Imperial / Double,9.5
Piwne Podziemie Weird Era,IPA,6
Podgórz Owca w Nowej Hucie,IPA,6
Weird Beard Hasbean Heavy Fuel,Smoked,5.3
Ritterguts Bärentöter - German Sour Gose Bock,Grodziskie/Gose/Lichtenhainer,6.6
Łańcut Ryża IPA,IPA,6.4
Perun Behemoth Triumviratus,IPA,6.4
Verhaeghe Echt Kriekenbier,Sour / Wild Ale,6.8
Alaskan Smoked Porter,Smoked,6.5
Łańcut Flanders Roselare ,Sour Red / Brown,6.7
Harpagan Wombatopata,Pale Ale - American,5
Funky Fluid Gonna Be Late,IPA,6.4
Deer Bear KAME HAME Orange Mango Milkshake IPA,IPA,5
Weird Beard Holy Hoppin Hell (Galaxy Motueka),IPA - Imperial / Double,9.5
Hoppy Lab Świdnickie Jasne ,Pale Ale - American,3.3
Maryensztadt #2 Projekt 30,Barley Wine / Wheat Wine,15.3
Blackberry Farm Barrel Series - Brett Saison 2017,Saison,7.5
Rockmill Get Low,Grodziskie/Gose/Lichtenhainer,4.7
Deer Bear Coffee Break,Stout,6.5
Pracownia Piwa Wawelowe Porzeczkowe,Fruit Beer,2.5
Deer Bear Sofa King,IPA,5.9
Widawa Fruit Bomb! IPA,IPA,6.2
Łańcut Zawisza Czarny,Stout - Imperial,9.5
PiwoWarownia / Ghost Twelve Monks,IPA,6.2
Incognito Black IPA,IPA - Black / Dark,6
St. Bernardus Abt 12,Abbey Quadrupel / Abt,10
Langier Beer Session IPA,IPA - Session,5
Artezan Panie, Co Pan?,IPA,6
PINTA Fest Oktober,Oktoberfest / Märzen,5
Wrężel Tropical Black IIPA,IPA - Black / Dark,8.5
Weird Beard Decadence,Stout,5.5
WRCLW Rye RIS Porto & Bourbon Double BA,Stout - Imperial,10.2
Minister Paradajz,Pale Ale - American,5
Wrężel Grejpfrut IPA,IPA,6.3
Artezan Coffee Kamaz Bourbon BA,Stout,7
Carlow O'Hara's Leann Folláin,Stout - Dry,6
Zakładowy Kontenerowiec,Pale Ale - American,4
Kasteel Rouge,Fruit Beer,8
Zakładowy 400% normy ,IPA - Imperial / Double,8.1
Jolly Pumpkin Oro de Calabaza,Belgian Strong Ale,8
BrewDog Nanny State (0.5%),Low Alcohol,0.5
De Ranke Guldenberg,Belgian Strong Ale,8
Weird Beard Sour Slave - Mosaic,Sour / Wild Ale,4
De Molen Hutje & Mutje Woodford Reserve Barrel Aged,English Strong Ale,13
Birbant Hopsbant Peach Milkshake ,IPA - Hazy / New England,4.2
Łańcut Das Is Kwass Wiśnia Malina ,Berliner Weisse,3.4
Cztery Sciany Gość,Wheat Ale,4.7
Rodenbach Grand Cru,Sour Red / Brown,6
Toccalmatto Maciste Heroic Double IPA,IPA - Imperial / Double,8.5
Dieu du Ciel! Rigor Mortis Abt,Abbey Quadrupel / Abt,10.5
The Garage Monks Wiseguy,IPA,6.5
Artezan Pacific Pale Ale,Pale Ale - American,5
Bear Republic Racer 5 IPA,IPA,7.5
Maryensztadt Gorączka Sezonu,IPA - Imperial / Double,8.4
Przystanek Tlen Summer Ale z hibiskusem,Pale Ale - American,5.2
Verhaeghe Duchesse De Bourgogne,Sour Red / Brown,6.2
BrewDog Jack Hammer,IPA,7.2
Zakładowy Wniosek Urlopowy,IPA,6.6
Kingpin Amadeo,IPA - Hazy / New England,4.3
Piwojad Blanka Pinot Blanc & Pinot Noir BA,Witbier,5
Evil Twin Even More Coco Jesus ,Stout - Imperial,12
Weird Beard Black Perle 3.8 %,Stout - Sweet,3.8
Łańcut Czarny Piotruś,IPA - Black / Dark,5.5
Osowa Góra Bydgoskie Sesyjne,Czech Pilsner (Světlý),5
Toccalmatto Re Hop,Pale Ale - American,5
De Ranke Hop Harvest 2017,Belgian Ale,5.5
St-Feuillien Triple,Abbey Tripel,8.5
Browar Stu Mostów ART12 / HaandBryggeriet Mango, Strawberry & Raspberry Ale,Fruit Beer,3.5
Rockmill Juicy Melody,IPA - Imperial / Double,7.8
Deer Bear Chocolate Factory,Stout - Sweet,5.9
Arbor Boomtown Brown,Brown Ale,5.3
Szałpiw Fest Buba,Abbey Quadrupel / Abt,11
Przystanek Tleń Porter Tequila Barrel Aged,Porter - Baltic,10
Jablonowo Russian Imperial Stout,Stout - Imperial,10
Brokreacja Deep Dark Sea Kirschwasser BA,Porter - Baltic,10.1
PINTA Kwas My,Fruit Beer,6.3
Przystanek Tlen Farmhouse Ale,Saison,4.9
Palatum / Piwoteka Aqua Regia,Sour / Wild Ale,7
Jopen / Browar Stu Mostów Polished Black Gold,Porter - Baltic,9.2
AleBrowar New England DDH DIPA Simcoe + Mosaic,IPA - Imperial / Double,8.8
Czarna Owca exlibRIS,Stout - Imperial,10
Pracownia Piwa / Birrificio Italiano Inferno,Stout - Sweet,7.4
AleBrowar New England DDH DIPA Citra + Galaxy,IPA - Imperial / Double,8.9
Alebrowar New England DDH DIPA Centennial + Amarillo,IPA - Hazy / New England,7
Zakładowy Pan Portier,Porter - Baltic,9.7
Trzech Kumpli Taura,IPA - Imperial / Double,6.6
Brokreacja Imperialny Nafciarz Islay Blend BA,Smoked,11.1
WRCLW Barley Wine Nitro Rum BA,Barley Wine / Wheat Wine,10.6
Piwne Podziemie Triple Vision,IPA - Imperial / Double,8.5
Jablonowo 16000 h.b.c. Barley Wine Hibiscus,Barley Wine / Wheat Wine,10.5
Brokreacja Potion #3,American Strong Ale ,10.8
Funky Fluid Smooth Wheat IPA,Wheat Ale,5.4
8 Wired / Pinta Baltyk-Tasman Baltic Porter,Porter - Baltic,9
DUM & Pinta Bałtyk-Atlantico,Porter - Baltic,9
Zamkowy Cieszyn Rye Wine Cieszyńskie,Barley Wine / Wheat Wine,9.9
PINTA Dożynki,Barley Wine / Wheat Wine,11.5
Salamander Chocolate Mint Foreign Extra Stout Nitro,Stout - Foreign / Extra,6
Wąsosz Piwo Bożonarodzeniowe,Spice / Herb / Vegetable,9
Wąsosz Opowieść Wigilijna,Spice / Herb / Vegetable,6.4
Jurajskie Świąteczne,Spice / Herb / Vegetable,5.6
Cydr Chyliczki Sweet Oak ,Cider,13.5
Hopito Swizzy,IPA - Hazy / New England,6
PINTA / Bakunin Warsaw Express Bourbon BA ,Barley Wine / Wheat Wine,9.5
Deer Bear Blend Battle Vol. 3 Stardust,IPA - Imperial / Double,7.2
Trzech Kumpli PIA,IPA - Session,4.4
WRCLW Imperial Stout Nitro Bourbon BA,Stout - Imperial,11
Funky Fluid Classic 5 AIPA,IPA,7.2
Jackie O's / Creature Comforts Athens To Athens Grist To Grist,Barley Wine / Wheat Wine,11.5
PINTA Wesołych Świąt 2018,Porter - Imperial / Double,7.7
Brokreacja Trip-Hop Galaxy Mosaic Simcoe,IPA - Hazy / New England,6.6
Grodzisk / Live Oak Grodziskie Imperialne,Grodziskie/Gose/Lichtenhainer,7
WRCLW Barley Wine,Barley Wine / Wheat Wine,9.6
Trzech Kumpli Goedemorgen,IPA,6.5
Funky Fluid Funny NEIPA,IPA - Hazy / New England,5.9
PINTA Wesołych Świąt 2017,Porter - Imperial / Double,8.4
Cydr Chyliczki Lodowy 2017,Ice Cider / Ice Perry,11.8
Deer Bear Czyste Złoto,Pilsener,5
Trzech Kumpli Ragnar,Porter - Baltic,11
Deer Bear Freak Fight,IPA - Imperial / Double,8
Jabłonowo Manufaktura Piwna Porter Podbity Śliwką,Porter - Baltic,9.9
Jan Olbracht Legenda Króla,Stout - Imperial,11
Olimp Elektra,Sour / Wild Ale,5
Maryensztadt Projekt Barrel Aged RIS Bowmore Whisky,Stout - Imperial,9.4
Maryensztadt Projekt Barrel Aged Chocolate Rye RIS Jack Daniels Whiskey,Stout - Imperial,11.51
Zakładowy Zaprawa,Helles,5.3
De Molen Bloed, Zweet & Tranen (Blood, Sweat & Tears),Smoked,8.2
De Molen Hemel & Aarde (Heaven & Earth),Stout - Imperial,10
Jackie O's Bourbon Barrel Skipping Stone,Abbey Quadrupel / Abt,9.4
Dwóch Braci Manolo,IPA - Hazy / New England,5
Brokreacja Imperialny Nafciarz Bunnahabhain BA,Smoked,11.6
Kormoran Podroze Kormorana American IPA,IPA,6
Amarcord / PINTA Polish-Italian Grape Ale (PIGA),Fruit Beer,6.5
Szpunt / Golem ZeroIBU,IPA - Hazy / New England,6
PINTA Final Call,IPA - Imperial / Double,7
AleBrowar Smoky Joe Fan Edition (2014-),Stout - Foreign / Extra,6.2
Good Game Clutchmeister,Pilsener,4.1
Kopyra & Widawa Shark,IPA - Session,4.9
Brokreacja Potion #2,Brown Ale,11
Perun Noc Kupały,Stout - Foreign / Extra,6.4
Artezan Too Young To Be Herod 2018,Stout - Imperial,10
Browar Grodzisk Grodziska White IPA,IPA,6
Dzika Pszczoła - Mango,Mead,9
Rochefort Trappistes 8,Belgian Strong Ale,9.2
Szpunt / Golem StoIBU,IPA - Hazy / New England,6
AleBrowar New Wave Gose z Jagodą,Grodziskie/Gose/Lichtenhainer,4.7
Piwoteka Łódź, ku*wa!,Barley Wine / Wheat Wine,12
Za Miastem Cicha Noc,Stout - Sweet,5.6
Birbant Fruity DDH Imperial Citra IPA,IPA - Imperial / Double,7.9
Maryensztadt Projekt Barrel Aged Barley Wine Laphroaig Whisky,Barley Wine / Wheat Wine,9.5
Dwóch Braci Łowca,IPA,6
The Garage Monks Dudette,IPA,7
Pracownia Piwa Honey, I'm Home,IPA,6.9
Perun Furia Burzy,IPA - Imperial / Double,10.8
Brovaria Porter Bałtycki Barrel Aged,Porter - Baltic,9
PINTA / Bakunin Warsaw Express,Barley Wine / Wheat Wine,9.3
Maryensztadt Projekt Barrel Aged Wheat Wine Cognac,Barley Wine / Wheat Wine,12
Solipiwko Jason,Pale Ale - American,4.6
Brokreacja The Blogger 2018,Czech Pilsner (Světlý),4
Baladin Lune Riserva Teo Musso 2012,Barley Wine / Wheat Wine,11.5
PINTA Eisbock Grand Prix,Bock - Eisbock,11.3
Widawa Porter Bałtycki Wędzony 24° Bourbon BA,Porter - Baltic,10.5
De Moersleutel Octane Overlord,Stout - Imperial,11
De Moersleutel Smeerolie Coconut Milkshake,Stout - Imperial,10
PINTA Red Grape Ale,Fruit Beer,8.8
PINTA Hazy Morning,Pale Ale - American,4.4
Rockmill Desmotis,Stout - Imperial,12
Jurajskie Motocyklowe,Low Alcohol,0.5
Nepomucen Echo,Porter - Baltic,9.5
Minister Are You Nuts?,Stout - Sweet,4.7
Browar na Jurze Różowa Pantera,IPA,5
Jurajskie Ale Szopka,Spice / Herb / Vegetable,5
Wicked Weed Old Fashioned,Old Ale,10
Wizyta Gospodarska,Porter,8.1
Piwoteka Gabinet Iluzji,Stout - Sweet,3.8
Rockmill Passion Parade,Berliner Weisse,3.8
Pracownia Piwa Sour Trip: Sweden,Sour / Wild Ale,5.3
HaandBryggeriet Xmas IPA,IPA - Imperial / Double,9
De Molen #3000 (White Wine BA),Barley Wine / Wheat Wine,14.6
Marble Little Wolf,IPA,6.3
Piwoteka Las Łagiewnicki,Saison,7.5
Lindemans Kriek ,Lambic - Fruited,3.5
Hoppy Lab Świdnickie Jasne ,Pale Ale - American,3.3
Artezan Zgrana Karta,IPA,6.5
Pracownia Piwa 900!,IPA - Imperial / Double,7.5
Pracownia Piwa Hazy Side of Life,IPA,6
Piwne Podziemie Sezon Ogórkowy,Saison,5
Podgórz Diabelski Młyn,Abbey Quadrupel / Abt,10.5
Monsters Joey,IPA,5
Piwojad Muffin,Stout - Sweet,5.1
Karuzela Sady,Pale Ale - American,5.8
Dwie Wieże Orki z Majorki,Sour / Wild Ale,5
Tiny Rebel Hadouken,IPA,7.4
De Molen / Hair of the Dog Binkie Claws (2018) Woodford Reserve BA,Barley Wine / Wheat Wine,11.4
Dieu du Ciel! Péché Mortel (Bourbon),Stout - Imperial,9.5
Artezan Te Czasy Się Skończyły,IPA,6.5
HaandBryggeriet Even S´More Xmas,Porter - Baltic,11.1
Struise Zombination V (M.A.N.O.L.O.),Stout - Imperial,17
Pivovar Řeporyje Vánoční světlý speciál,Czech Pilsner (Světlý),5
Pivovar Řeporyje Ejlik,Pale Ale - American,4.5
Dvůr Chýně Klasický Ležák 11°,Czech Pilsner (Světlý),4
Jackie O's Bourbon Barrel Black Maple,Porter - Imperial / Double,11
Zakładowy Dział Testowy #1,Bock - Weizenbock,7.4
Wild Beer Zintuki,Sour / Wild Ale,7.3
De Molen Juicy Loesie,Barley Wine / Wheat Wine,12.7
Evil Twin Harlan's Even More Jesus,Stout - Imperial,12
Toppling Goliath Tsunami Pale Ale,Pale Ale - American,5
Durham Diabolus,Stout - Imperial,10
Dieu du Ciel! Immoralité,IPA - Imperial / Double,9.2
De Molen Hutje & Mutje Woodford Reserve Barrel Aged,English Strong Ale,13
Wild Beer Smoke 'n' Barrels Islay Whisky Edition,Smoked,7.4
Wild Beer Rooting Around - Summer,Sour / Wild Ale,6
Anchorage Anadromous Belgian Black Bier ,Sour / Wild Ale,8.5
Tiny Rebel / Fierce Beer Orange Mocha Frapp Stout,Stout,7
Thornbridge Fika,Stout,7.4
Tiny Rebel The Great Cornholio,IPA - Imperial / Double,8.4
Tiny Rebel Clwb Tropicana,IPA,5.5
Evil Twin / Prairie Bible Belt,Stout - Imperial,13
Melvin 2x4,IPA - Imperial / Double,9.9
Melvin Hop Shocker,IPA - Imperial / Double,8.1
Melvin IPA,IPA,7.5
AleSmith Double IPA,IPA - Imperial / Double,8.5
Lost Abbey Box Set: Track #10 (Bat out of Hell),Stout - Imperial,13.5
Flying Monkeys Netherworld Cascadian Dark Ale,IPA - Black / Dark,6
Original Ritterguts Gose,Grodziskie/Gose/Lichtenhainer,4.7
Drakes Drakonic Imperial Stout,Stout - Imperial,8.75
Evil Twin Every Day, Once A Day, Give Yourself An IPA,IPA - Imperial / Double,9
Saalfelder Jubiläums Bier,Oktoberfest / Märzen,5.6
Evil Twin Bozo Beer,Stout - Imperial,17.2
Hoppin' Frog Extended Barrel Aged BORIS The Crusher,Stout - Imperial,9.4
Raduga Apartment,IPA,6
Evil Twin Even More Coco Jesus ,Stout - Imperial,12
AleSmith / Pizza Port Logical Choice ,IPA - Imperial / Double,10
Łańcut Pospolite Ruszenie,Pale Ale - American,5.1
HaandBryggeriet / Cervisiam / Frontaal Death by Disco (Rum barrel aged),Stout - Imperial,10
Prairie Bomb! Deconstructed: Chili Peppers,Stout - Imperial,11.8
HaandBryggeriet / Cervisiam / Frontaal Death by Disco,Stout - Sweet,10
Koutský 12° Světlý Ležák ,Czech Pilsner (Světlý),5
Nickel Brook Kentucky Bastard Bourbon Barrel Aged Imperial Stout,Stout - Imperial,14.5
Evil Twin Lost Souls,IPA - Hazy / New England,7
Amager / Evil Twin The Real Hr. Frederiksen,Stout - Imperial,10.4
Tempest Brave New World IPA,IPA,7
The Bruery Poterie,Old Ale,16.8
Prairie Pirate Bomb!,Stout - Imperial,15
Tempest Trimontium ,IPA - Hazy / New England,6.5
Struise Black Damnation XVIII - Major Tom,Stout - Imperial,13
AleBrowar Single Hop IPA Mosaic BBC,IPA,6.2
Westbrook 7th Anniversary Chocolate and Sea Salt,Stout - Imperial,10
Les Trois Mousquetaires Porter Baltique,Porter - Baltic,10
Lost Coast Indica India Pale Ale,IPA,6.5
Logsdon The Conversion,Sour / Wild Ale,7.8
HaandBryggeriet Odin's Tipple,Stout - Imperial,11
Nickel Brook Malevolent Black Imperial India Pale Ale,IPA - Black / Dark,9.5
Toppling Goliath Pseudo Sue,Pale Ale - American,6.8
Lost Abbey Dead Man's Game,Belgian Strong Ale,14
The Hop Concept Hop Freshener Series: Citra & Simcoe IPA,IPA - Imperial / Double,8
Dieu du Ciel! Rigor Mortis Abt,Abbey Quadrupel / Abt,10.5
PINTA Kwas Epsilon Wild & Barrel Aged,Sour / Wild Ale,6.9
Amager The Sinner Series Gluttony,IPA - Imperial / Double,9.4
Lindemans Gueuze Cuvée René,Lambic - Gueuze,5.5
Weyerbacher Tiny,Stout - Imperial,11.8
Collective Arts Ransack the Universe IPA,IPA,6.8
Struise Zombination II (L.E.M.M.Y.),Stout - Imperial,17
Full Sail Session Dark Lager,Dunkel / Tmavy,5.4
Trzech Kumpli Blackcyl Special Edition,IPA - Black / Dark,7
Olimp Hestia,IPA,5.7
Klášter Ležák 11°,Czech Pilsner (Světlý),4.6
Anchorage The Tide and Its Takers Triple,Abbey Tripel,9
Evil Twin Imperial Biscotti Chili Hazelnut Break,Stout - Imperial,11.5
Struise Black Damnation XIX - Maestro,Stout - Imperial,13
Dieu du Ciel! / The Alchemist - Moralité,IPA,6.9
3 Fonteinen Hommage,Lambic - Fruited,4.5
Dieu du Ciel! Aphrodisiaque,Stout,6.5
Hütt Naturtrüb,Zwickel / Keller / Landbier,4.9
Chodovar Černá Desítka 10°,Dunkel / Tmavy,4.2
Žatec Plavčík,Czech Pilsner (Světlý),3.8
Lost Coast Fogcutter Double IPA ,IPA - Imperial / Double,8.7
Jackie O's Wood Ya Honey,Barley Wine / Wheat Wine,12
Brauerei Simon Weißbier,Weissbier - Hefeweizen,5.4
Královar Lehke Svĕtlé Pivo,Pale Lager,3.4
Caldera Mogli - Bourbon Barrel Aged,Porter - Imperial / Double,8.5
Amager Bonny Beer,IPA,6.5
Jolly Pumpkin Luciernaga  (The Firefly),Belgian Ale,6.5
Dieu du Ciel! Dernière Volonté Brettanomyces,Sour / Wild Ale,7
Anchorage Galaxy White IPA,IPA,7
AleSmith San Diego Pale Ale .394,Pale Ale - American,6
Crooked Stave St. Bretta (Autumn) (Citrus Wildbier),Sour / Wild Ale,5.5
Amager / Edge Brewing Project Granny With A Gun,IPA,6
Prairie Bourbon Paradise,Stout - Imperial,15.9
Heretic Evil Cousin,IPA - Imperial / Double,8
Evil Twin Imperial Biscotti Break Bourbon Maple Syrup Barrel Aged,Porter - Imperial / Double,11.5
Bear Republic Café Racer 15,IPA - Imperial / Double,9.75
Aufsesser Zwickl,Zwickel / Keller / Landbier,4.8
Caldera Mosaic IPA,IPA,6.5
Les Trois Mousquetaires Porter Baltique (Bourbon & Brandy),Porter - Baltic,10.5
Anchorage Bitter Monk Belgian Style Double IPA,IPA - Imperial / Double,9
PINTA Atak Chmielu,IPA,6.1
BrewDog Abstrakt AB:24,Porter - Baltic,12
Cztery Ściany Gniazdo,Stout - Sweet,4.6
Hoppy Lab Xmas Pale Ale,Spice / Herb / Vegetable,3.9
PINTA Imperator Bałtycki Sherry Oloroso BA,Porter - Baltic,9.1
Nepomucen Charlotte,Fruit Beer,4.9
Pracownia Piwa Tango z Mango,Fruit Beer,6.7
Podgórz 652 m n.p.m.,Porter - Baltic,8
Carlow O'Hara's Irish Stout,Stout - Dry,4.3
PINTA Koniec Świata,Sahti/Gotlandsdricke/Koduõlu,7.9
Cztery Ściany Ranzco,Pale Ale - American,4.5
PINTA Hazy Morning,Pale Ale - American,4.4
Piwojad Single Tropical Smoothie,IPA - Hazy / New England,5.4
PINTA Red Grape Ale,Fruit Beer,8.8
PINTA Pumpk'in'Black,Porter,6
PINTA IIPPAA,IPA - Imperial / Double,8.1
Zakładowy 300% Normy,IPA - Imperial / Double,8.4
Pracownia Piwa Hazy Side of Life,IPA,6
PINTA Sangriale,Fruit Beer,4.9
PINTA Go Deeper,IPA,7.2
PINTA Pszeżytowies,Specialty Grain,3.9
PINTA Apetyt Na Życie,Specialty Grain,5
PINTA A Ja Pale Ale,Pale Ale - American,4.5
PINTA Pierwsza Pomoc,Czech Pilsner (Světlý),4.1
PINTA FanTassie ,Pale Ale - American,4.7
Rzeka Piwa Bobromir ,Pale Ale - American,7
Nepomucen Forest,IPA,6
PINTA Kwas Epsilon,Sour / Wild Ale,6
PINTA I'm so horny!,Bock - Dunkler / Urbock,6.7
PINTA Risfactor,Stout - Imperial,11.5
Piwojad Single Citrus Smoothie,IPA,5.6
Artezan El Líquido Dorado,IPA - Session,4.8
PINTA Risfactor Double BA Bourbon & Rum,Stout - Imperial,13
PINTA Beauty And The Stout,Stout - Foreign / Extra,6.3
PINTA Niedorżnięty,Stout,3.3
PINTA Imperator Bałtycki,Porter - Baltic,9.1
Podgórz Siostra Bożenka,IPA,6
Pracownia Piwa All Inclusive,Fruit Beer,2.3
Pracownia Piwa Szkieletor,Porter - Baltic,7.9
Omnipollo Hypnopompa Marshmallow Stout ,Stout - Imperial,11
Trzech Kumpli Happy Days,Low Alcohol,1.3
Pracownia Piwa Smoki i Jednorożce,Fruit Beer,3.5
Trzech Kumpli Idiota,Stout - Imperial,10.5
Schneider Aventinus Weizen-Eisbock,Bock - Eisbock,12
Podgórz 10W-40,IPA,6
Deer Bear Let's Cook - Sour APA,Sour / Wild Ale,5
Palatum Messis,Weissbier - Hefeweizen,4.2
Salamander Raspberry and Basil Rye Grisette,Saison,5.2
Piwne Podziemie Juicilicious,IPA - Hazy / New England,6.7
Piwojad RIS 24 Whisky BA,Stout - Imperial,10.1
Artezan Bałwan,Pale Ale - American,4.5
Deer Bear Jasumi,Pale Ale - American,5.1
Trzech Kumpli MVPils,India Style Lager,4.4
Hopium Freddie Maracuy,Fruit Beer,5.4
Trzech Kumpli Piwo w Stylu Grodziskie,Grodziskie/Gose/Lichtenhainer,2.9
Trzech Kumpli Weizen,Weissbier - Hefeweizen,5
To Øl Black Bauble (Santa Top Red Version PSD),Spice / Herb / Vegetable,8
Rockmill Juicy Delight,IPA - Hazy / New England,6.5
Zakładowy Wniosek Urlopowy,IPA,6.6
Rockmill Going Dark Jack Daniel’s BA,Stout - Imperial,10
PINTA Imperator Bałtycki,Porter - Baltic,9.1
Trzech Kumpli Misty,IPA - Hazy / New England,5.5
Trzech Kumpli Ragnar,Porter - Baltic,11
Solipiwko Baltic Abyss,Porter - Baltic,10.3
Podgórz 652 m n.p.m.,Porter - Baltic,8
Pracownia Piwa Captain Baltic BA Whiskey Edition,Porter - Baltic,9.5
Omnipollo / Buxton Original Texas Pecan Ice Cream,Porter - Imperial / Double,10
De Molen Tsarina Esra Imperial Porter,Porter - Imperial / Double,11
Trzech Kumpli Brew Note,IPA - Black / Dark,4.5
Trzech Kumpli Szczyt Sezonu,Saison,7.4
Browar Stu Mostów ART22 / Northern Monk DDH DIPL,India Style Lager,7.9
Alebrowar New England DDH DIPA Centennial + Amarillo,IPA - Hazy / New England,7
Trzech Kumpli PIA,IPA - Session,4.4
Profesja Pirat Porto Barrel Aged,Porter - Baltic,11.5
Deer Bear Freak Fight,IPA - Imperial / Double,8
Maryensztadt #1 Projekt 30,Porter - Baltic,10.5
Brokreacja Potion #3,American Strong Ale ,10.8
Chimay Grande Réserve Vieillie En Barriques (2018) Whisky Edition,Belgian Strong Ale,10.5
Lervig Barley Wine 2017 BA Bourbon,Barley Wine / Wheat Wine,12.9
Pracownia Piwa Captain Baltic Winter Edition,Porter - Baltic,9.5
Fantôme de Noël,Saison,10
Cloudwater A•W18 DIPA V2,IPA - Imperial / Double,8.5
Artezan Too Young To Be Herod 2018,Stout - Imperial,10
Tempest All The Leaves Are Brown Bourbon Barrel,Brown Ale,11.2
Garage / Barrier That Chihuahua,IPA - Imperial / Double,8
Grodzisk / Live Oak Grodziskie Imperialne,Grodziskie/Gose/Lichtenhainer,7
Brokreacja Trip-Hop Galaxy Mosaic Simcoe,IPA - Hazy / New England,6.6
Brokreacja Imperialny Nafciarz Bunnahabhain BA,Smoked,11.6
PINTA Final Call,IPA - Imperial / Double,7
Pracownia Piwa / To Øl Craft Toøls,IPA,6.8
Siren / Superstition Mind On My Honey,Stout - Imperial,10.2
Siren / Slim Pickens Accept All Cookies,Stout - Imperial,9.3
Siren / Basqueland Hawaiian Shake ,IPA,6.4
Boundary Gift,Stout - Imperial,8.7
Epic Son of a Baptist - Corvus Coffee,Stout - Imperial,8
Laugar Aupa Tovarisch,Stout - Imperial,11.3
De Dolle Dulle Teve 10º (Mad Bitch),Abbey Tripel,10
Golem Double Dybuk Laphroaig Barrel-Aged,Porter - Imperial / Double,10
Uiltje Amarillo Armadillo,IPA - Imperial / Double,9.4
Sori Ensemble Two: DDH Mosaic & Enigma DIPA,IPA - Imperial / Double,8
Uiltje Mosaic Mammoth,IPA - Imperial / Double,8
Bakalář Světlé Výčepní 10°,Czech Pilsner (Světlý),4
Rockmill I had a dream,IPA - Hazy / New England,6.4
Põhjala Mets,IPA - Black / Dark,7
Maryensztadt Gwiazda Północy,Porter - Baltic,10.1
PINTA Pumpk'in'Black,Porter,6
Przystanek Tleń Porter Tequila Barrel Aged,Porter - Baltic,10
Pressure Drop Cast Iron Billy,Stout - Imperial,10.5
Nepomucen / Widawa Dark Forest,Porter - Baltic,9.3
Yeastie Boys Pot Kettle Black,IPA - Black / Dark,6
Przystanek Tleń Sour Cherry Wild Ale White Wine B.A.,Sour / Wild Ale,6
De Molen / Hair of the Dog Binkie Claws (2018) Woodford Reserve BA,Barley Wine / Wheat Wine,11.4
Przystanek Tleń Sour Passionfruit Wild Ale Rum B.A.,Sour / Wild Ale,6
Kingpin Imperial Geezer,Stout - Imperial,9.1
Central Waters Brewer's Reserve Belgian Style Quadruple Ale,Abbey Quadrupel / Abt,11.9
8 Wired The Big Smoke,Smoked,6.2
Epic Big Bad Baptista,Stout - Imperial,11.7
Golem Moloch Bourbon BA,English Strong Ale,9.2
8 Wired HopWired IPA,IPA,7.3
Szałpiw Fest Buba,Abbey Quadrupel / Abt,11
Golem Milky Moon Rum BA,Stout - Imperial,8.2
Golem אובך אובך אובך (Owech Owech Owech Hazy TIPA) Bourbon BA,IPA - Imperial / Double,9.5
Przystanek Tlen Vermont IPA,IPA - Hazy / New England,6
Zakładowy Dział Testowy #2,Abbey Quadrupel / Abt,9.2
Nepomucen No To Hop,IPA,5.8
Minister Lucky Ghost,IPA,5
Bax Bier Ketter,Smoked,8.5
Partizan  India Pale Extra Hop Cascade BBC Chinook Centennial ,IPA,6.5
Brokreacja Potion #1,Stout - Imperial,12.3
Niechanowo / Szałpiw Powidz,Belgian Strong Ale,7.6
AleBrowar New England DDH DIPA Simcoe + Mosaic,IPA - Imperial / Double,8.8
Founders DankWood,American Strong Ale ,12.2
Rockmill Desmotis,Stout - Imperial,12
PINTA / To Øl Kwas Ny,Sour / Wild Ale,8.9
Kormoran Porter Warmiński z Wiśnią,Porter - Baltic,8.5
Artezan Panie, Co Pan?,IPA,6
Wild Beer Wildebeest,Stout - Imperial,11
Bakalár Rezaná Desitka,Polotmavý,4.2
Founders Breakfast Stout,Stout - Imperial,8.3
Grodzisk Porter Śliwkowy,Porter - Baltic,10
Łańcut Das Is Kwass,Berliner Weisse,3.4
The Kernel Dry Stout Simcoe,Stout - Dry,4.3
De Molen / Tempest Sun & Moon,Stout - Imperial,10
Rockmill 100m,IPA - Imperial / Double,7.8
Konrad Vratislavický Ležák 11°,Czech Pilsner (Světlý),4.8
Łańcut Zawisza Czarny,Stout - Imperial,9.5
Bax Bier Koud Vuur,Smoked,6.2
Fourpure / Sunset Brew Nightfall,Stout - Imperial,9
Anderson Valley G&T Gose,Grodziskie/Gose/Lichtenhainer,4.2
Dwie Wieże Saison Red Wine Barrel Aged,Saison,6.3
Czarna Owca Porter Noster Bourbon Barrel Aged,Porter - Baltic,9
Piwoteka Eternal Might,Stout - Imperial,10.8
Siren Project Barista - Breakfast Shake,Stout - Imperial,9.5
Tiny Rebel Stay Puft Imperial Chocolate ,Porter - Imperial / Double,9
Anderson Valley Briney Melon Gose,Grodziskie/Gose/Lichtenhainer,4.2
Siren Lucky DIPA,IPA - Imperial / Double,8.5
The Kernel Dry Stout Mandarina Bavaria ,Stout,4.5
Brokreacja Sweet Temptation,Barley Wine / Wheat Wine,10
Flying Dog Double Dog Double IPA,IPA - Imperial / Double,11.5
Anderson Valley Hop Hyzer,Pale Ale - American,4.9
Anderson Valley Framboise Rose Gose,Grodziskie/Gose/Lichtenhainer,4.2
Fourpure Deucebox,IPA - Imperial / Double,8.3
Siren / Finback Low Side,IPA - Hazy / New England,6.8
De Molen Weer & Wind (2016),Barley Wine / Wheat Wine,12.4
Piwoteka Dżonka Tomka,Sour / Wild Ale,5.1
Laugar Funky Espresso ,Sour / Wild Ale,4.8
Doctor Brew Barley Wine,Barley Wine / Wheat Wine,10.5
Sori Dark Humor Club PX Sherry,Stout - Imperial,10
Nøgne Ø Imperial Stout,Stout - Imperial,9
Rockmill Black Noble,Stout - Imperial,11
PINTA A Nanasy?,Fruit Beer,7.1
Trzech Kumpli Otwarcie Sezonu,Saison,5.7
Podgórz Galaktyka Piwnix,IPA - Black / Dark,5.6
Podgórz Diabelski Młyn,Abbey Quadrupel / Abt,10.5
Amager / Edge Brewing Project Granny With A Gun,IPA,6
Łańcut Trapper,IPA,5.2
PINTA Quatro,IPA - Imperial / Double,11
Amager Billie the Butcher,IPA - Hazy / New England,7
Artezan Format C:,IPA - Session,4.5
Cloudwater A•W18 Brewed All Season DIPA,IPA - Imperial / Double,8.5
Dwóch Braci Filemoon,Stout,4.7
Inne Beczki / AleBrowar Wine Not,Fruit Beer,6.2
AleBrowar / First Chop I'm not a Pony,IPA,5
Alebrowar New England DDH DIPA Centennial + Amarillo,IPA - Hazy / New England,7
DUM & Pinta Bałtyk-Atlantico,Porter - Baltic,9
8 Wired Flat White Coffee Milk Stout,Stout - Sweet,5.5
Solipiwko Double Nygus,Stout - Sweet,7.4
Pracownia Piwa / Nemeton Orange Is the New Stout,Stout - Foreign / Extra,7.8
Pracownia Piwa / To Øl Craft Toøls,IPA,6.8
Central Waters Brewer's Reserve Bourbon Barrel Scotch Ale,Scotch Ale / Wee Heavy,0
Trzech Kumpli Taura,IPA - Imperial / Double,6.6
Verzet Kameradski Balsamico,Sour / Wild Ale,13.5
Cloudwater A•W18 Small Pale Brewed All Season,IPA - Session,2.9
Trzech Kumpli PIA,IPA - Session,4.4
Omnipollo Pleroma,Sour / Wild Ale,6
Zakładowy Ciężki Ładunek,IPA - Imperial / Double,8.1
Zakładowy Wniosek Urlopowy,IPA,6.6
Piwne Podziemie Triple Vision,IPA - Imperial / Double,8.5
Zakładowy Zaprawa,Helles,5.3
Zakładowy Wypłata,IPA - Hazy / New England,5.3
Artezan Żukiem Do Rzymu,Sour / Wild Ale,4.6
Pracownia Piwa Tango z Mango,Fruit Beer,6.7
Olimp Krios,IPA - Imperial / Double,10
Zamkowy Cieszyn Rye Wine Cieszyńskie,Barley Wine / Wheat Wine,9.9
AleBrowar New England DDH DIPA Citra + Galaxy,IPA - Imperial / Double,8.9
Garage Triangles,IPA,5
Founders Curmudgeon's Better Half,Old Ale,12.7
Salamander Chocolate Mint Foreign Extra Stout Nitro,Stout - Foreign / Extra,6
WRCLW Imperial Stout Nitro Bourbon BA,Stout - Imperial,11
Deer Bear Candy Shop Marshmallow Imperial Stout With Salted Caramel,Stout - Imperial,10
Deer Bear Candy Shop - Nut Cake,Stout - Imperial,9
Deer Bear Freak Fight,IPA - Imperial / Double,8
Pühaste Dekadents,Stout - Imperial,11.2
Põhjala Cherry Bänger,Stout - Imperial,12.5
Põhjala Cellar Series - Kolumbus Krisostomus,Brown Ale,10.6
Sori Dark Humor Club Heaven Hill Bourbon BA,Stout - Imperial,10.5
Põhjala / To Øl / BRUS Cellar Series - 10 Apple Stout,Stout - Imperial,12
Põhjala Cellar Series - Loits,Porter - Imperial / Double,11.5
Põhjala / Jing-A (京A) Cellar Series -  Early Morning Regrets ,Stout - Imperial,12.6
Dwie Wieże Flanders Red Ale Red Wine Foeder Aged,Sour Red / Brown,6
AleBrowar Saint No More,Saison,6
Widawa Hazy Hazi,IPA - Hazy / New England,6.2
Dwóch Braci Łowca,IPA,6
Minne Ardenne Triple au Cognac Léonard,Abbey Tripel,8.5
Oud Beersel Bersalis Tripel Oak Aged,Sour / Wild Ale,10.5
De Ranke XX Bitter ,Belgian Ale,6
De Dolle Special Extra Export Stout,Stout - Foreign / Extra,9
Chimay Grande Réserve Vieillie En Barriques (2018) Whisky Edition,Belgian Strong Ale,10.5
Chimay Grande Réserve Vieillie En Barriques (2016) Cognac Edition,Belgian Strong Ale,10.5
Chimay Grande Réserve Vieillie En Barriques (2017) Rum Edition,Belgian Strong Ale,10.5
Popihn DIPA Mosaic,IPA - Imperial / Double,8.4
Garage / Barrier That Chihuahua,IPA - Imperial / Double,8
O/O Narangi,IPA - Hazy / New England,6.8
Garage / Civil Society / 3 Stars Left Saigon,IPA - Session,4.8
The Kernel India Pale Ale Centennial Mosaic Citra,IPA,7.3
ReCraft Strong Ale,Belgian Strong Ale,10
The Kernel India Pale Ale Citra Bramling Cross,IPA,7.1
AleBrowar New Wave Gose z Jagodą,Grodziskie/Gose/Lichtenhainer,4.7
Fortuna Komes Russian Imperial Stout,Stout - Imperial,12
Jopen / Frontaal Yankee Punch,IPA - Imperial / Double,7.6
Siren / Basqueland Hawaiian Shake ,IPA,6.4
Boundary Gift,Stout - Imperial,8.7
Golem Double Dybuk Laphroaig Barrel-Aged,Porter - Imperial / Double,10
Sori Ensemble Two: DDH Mosaic & Enigma DIPA,IPA - Imperial / Double,8
Uiltje Mosaic Mammoth,IPA - Imperial / Double,8
Mikkeller 黑 / Black,Stout - Imperial,16.1
Mikkeller SpontanDoubleRaspberry,Lambic - Fruited,8.7
Epic Big Bad Baptist ,Stout - Imperial,12.7
Epic Big Bad Baptista,Stout - Imperial,11.7
Przystanek Tleń Sour Cherry Wild Ale White Wine B.A.,Sour / Wild Ale,6
Przystanek Tleń Sour Passionfruit Wild Ale Rum B.A.,Sour / Wild Ale,6
Central Waters Brewer's Reserve Belgian Style Quadruple Ale,Abbey Quadrupel / Abt,11.9
AleBrowar New England DDH DIPA Simcoe + Mosaic,IPA - Imperial / Double,8.8
Golem אובך אובך אובך (Owech Owech Owech Hazy TIPA) Bourbon BA,IPA - Imperial / Double,9.5
Partizan  India Pale Extra Hop Cascade BBC Chinook Centennial ,IPA,6.5
Perun Furia Burzy,IPA - Imperial / Double,10.8
Kormoran Porter Warmiński z Wiśnią,Porter - Baltic,8.5
Founders Breakfast Stout,Stout - Imperial,8.3
Łańcut Das Is Kwass,Berliner Weisse,3.4
The Kernel Dry Stout Simcoe,Stout - Dry,4.3
Łańcut Zawisza Czarny,Stout - Imperial,9.5
Fourpure / Sunset Brew Nightfall,Stout - Imperial,9
Anderson Valley G&T Gose,Grodziskie/Gose/Lichtenhainer,4.2
Siren Project Barista - Breakfast Shake,Stout - Imperial,9.5
Siren Lucky DIPA,IPA - Imperial / Double,8.5
The Kernel Dry Stout Mandarina Bavaria ,Stout,4.5
Flying Dog Double Dog Double IPA,IPA - Imperial / Double,11.5
Tiny Rebel Stay Puft Imperial Chocolate ,Porter - Imperial / Double,9
Siren / Finback Low Side,IPA - Hazy / New England,6.8
Widawa Pogromca,Barley Wine / Wheat Wine,11
Pracownia Piwa Wawelove,Pale Ale - American,2.5
Sori Pareto 2017 (Port Wine Barrel-Aged),Scotch Ale / Wee Heavy,11.5
Sori Conca d'Oro,Stout - Imperial,11.5
Sori Laudatur XVIII,American Strong Ale ,10.1
Sori Dark Humor Club Hot Chocolate,Stout - Imperial,10.2
Sori Dark Humor Club,Stout - Imperial,8
Sori Dark Humor Club Coconut,Stout - Imperial,8
Kraftwerk Midnight Howl,Stout - Imperial,8.5
Trzech Kumpli Piwo w Stylu Grodziskie,Grodziskie/Gose/Lichtenhainer,2.9
Kormoran Porter Warminski,Porter - Baltic,9
Waszczukowe American Pils,India Style Lager,4.7
Gzub White APA,Pale Ale - American,5.1
PiwoWarownia Pełna Qlturka,Stout - Sweet,5.8
Profesja Matador,Stout - Sweet,6.5
Markowy Puszczyk Białowieski,Stout - Sweet,4.9
Brokreacja Big Boy Passion Fruit,IPA,5.5
Kormoran Imperium Prunum,Porter - Baltic,11
Browar Jana Oktavio 500 Days of Contemplation,Abbey Quadrupel / Abt,9.2
Szpunt Nigami,IPA,5.9
Zakładowy Wypłata,IPA - Hazy / New England,5.3
Browanza Second Fiddle,Wheat Ale,7
Szałpiw Fest Buba,Abbey Quadrupel / Abt,11
Piwoteka Porter Bałucki,Porter - Baltic,8
Raduga Nosferatu,IPA - Black / Dark,5.7
Piwoteka Pół Czarnej u "Roszka",Stout - Sweet,5.5
Salamander Brut IPA,IPA,6.3
Fortuna Komes Poczwórny Bursztynowy,Abbey Quadrupel / Abt,10
Raduga African Queen,Pale Ale - American,5
Browar Jana Porter Bałtycki,Porter - Baltic,8.8
PINTA Red Grape Ale,Fruit Beer,8.8
Golem / White Stork O.D.A.A.L. (One Day As A Lion),IPA - Session,5
Salamander Blackcurrant Milkshake IPA,IPA - Hazy / New England,5.9
Anarchia White Vampire,Weissbier - Hefeweizen,4.8
Anarchia Anarchy Pale Ale,Pale Ale - American,5.3
AleBrowar Black Hope,IPA - Black / Dark,6.2
Łańcut / Pinta Kryształ,Pale Lager,5.2
La Trappe Blond,Belgian Ale,6.5
Lindemans Apple (Pomme),Lambic - Fruited,3.5
Rockmill Passion Parade,Berliner Weisse,3.8
Widawa Simcoe Pils,Pilsener,4.7
Brokreacja Wine Cake Polish Wine BA Vintage 2018,Barley Wine / Wheat Wine,11
Trzech Kumpli Blackcyl Special Edition,IPA - Black / Dark,7
Nepomucen Nachmielona. Hoptimum,Low Alcohol,0
Rockmill Juicy Melody,IPA - Imperial / Double,7.8
PINTA Koniec Świata,Sahti/Gotlandsdricke/Koduõlu,7.9
Tempest Red Eye Flight,Porter,7.4
Rockmill I had a dream,IPA - Hazy / New England,6.4
Podgórz Galaktyka Piwnix,IPA - Black / Dark,5.6
Cztery Ściany Kamper,IPA,6.4
Zakładowy Mleczarz,Stout - Sweet,5.5
Monsters Wattie,Pale Ale - American,5
Brokreacja The Gravedigger Laphroaig 10 BA,Stout - Imperial,10.3
Zakładowy Podwójny Wniosek Urlopowy,IPA - Imperial / Double,8.4
Kingpin Midlife Maestro,IPA - Hazy / New England,5.7
La Trappe Quadrupel,Abbey Quadrupel / Abt,10
Harpagan Schiza Heretyka,Stout - Foreign / Extra,6.1
Trzech Kumpli Blackcyl,IPA - Black / Dark,7
Omnipollo Selassie,Stout - Imperial,11
Rockmill Chemistry,Saison,5.5
Rockmill Ministry of Juicy,IPA - Session,4.7
Hopium John Limon,Wheat Ale,5
Maryensztadt #3 Projekt 30,Scotch Ale / Wee Heavy,11.63
Cigar City Cafe Con Leche Stout,Stout - Sweet,6
American Browar Polska IPA,IPA,0
Rockmill Episode 11: Calamansi Milkshake IPA,IPA - Hazy / New England,5.5
Podgórz Space Sheep,Pale Ale - American,4.5
Ziemia Obiecana Nudna Belgia,IPA,6
De Molen Amarillo,IPA - Imperial / Double,9.3
Podgórz Sezon Pomarańczowy,Saison,5
Tattooed Beer Rosemary,Sour / Wild Ale,0
Svijanská Kněžna 13°,Dunkel / Tmavy,5.2
Břeclav Beran 10°,Czech Pilsner (Světlý),4.1
Probus Dryton/Grunwald,Stout - Dry,4.5
PINTA Dożynki,Barley Wine / Wheat Wine,11.5
Maryensztadt #3 Projekt 30,Scotch Ale / Wee Heavy,11.63
PINTA / To Øl Kwas Ny,Sour / Wild Ale,8.9
The Garage Monks Hop Trigger,Pale Ale - American,4.8
The Garage Monks Wiseguy,IPA,6.5
PINTA I'm so horny!,Bock - Dunkler / Urbock,6.7
Lulu Raspberry APA,Pale Ale - American,4.9
AleBrowar / BrauKunstKeller Herr Axolotl (Raspberry),Berliner Weisse,3.8
De Dolle Boskeun,Belgian Strong Ale,10
Mikkeller Monks Elixir,Abbey Quadrupel / Abt,10
Browar Jana Oktavio 500 Days of Contemplation,Abbey Quadrupel / Abt,9.2
Dubuisson Cuvée des Trolls,Belgian Ale,7
Artezan Dodo,IPA - Hazy / New England,6
Artezan Te Czasy Się Skończyły,IPA,6.5
Gzub Melt,Sour / Wild Ale,4.1
Lubicz Mistrzowskie,Fruit Beer,5.5
PINTA Sangriale,Fruit Beer,4.9
Trzy Korony Gazda,Oktoberfest / Märzen,6
Maryensztadt Sourtime Blackberry,Sour / Wild Ale,6
Rzeka Piwa Castor de Cafe,Stout,6.2
Piwne Podziemie / Palatum Mr. Happy,IPA - Imperial / Double,8.6
Maryensztadt Sourtime Pineapple,Sour / Wild Ale,4.3
Łańcut / Pinta Kryształ,Pale Lager,5.2
Golem Mazal Adar Dagim,Wheat Ale,4.2
PINTA Son of a Birch,Wheat Ale,3
Dwie Wieże Cytrusowy Ale,Pale Ale - American,5.5
Piwne Podziemie Juicilicious,IPA - Hazy / New England,6.7
Poutnik Pelhrimov Světlý Ležák Prémium 12°,Czech Pilsner (Světlý),5
Czarna Owca exlibRIS Bourbon Barrel Aged ,Stout - Imperial,10
Solo / Wuhan No.18 Mεσoγειoς Tiao Dong Who Cretan IPA,IPA,6.5
Olimp Maja,Pale Ale - American,4.9
PiwoWarownia xD,Stout - Imperial,8.4
Lindemans Cassis Lambic,Lambic - Fruited,3.5
Golem Double Dybuk Bourbon Barrel-Aged,Porter - Imperial / Double,10
PINTA TakAHaka,IPA - Black / Dark,7.3
AleBrowar Smoky Joe Fan Edition (2014-),Stout - Foreign / Extra,6.2
Hopito Jungle Smoothie,IPA,6.1
Olimp Panakeja,IPA,6
Harpagan Korkotrampki Popłochu,India Style Lager,4.2
Trzech Kumpli Piece of Cake,IPA,5.8
Piwne Podziemie Summer Freakout,Wheat Ale,5.2
PINTA I'm so horny!,Bock - Dunkler / Urbock,6.7
Trzech Kumpli Misty,IPA - Hazy / New England,5.5
AleBrowar Hop Sasa,IPA,5
Pivovsky Fragola,IPA - Hazy / New England,5.6
PINTA Sangriale,Fruit Beer,4.9
Perun Oblewanie Perperuny Mojito,Belgian Ale,4.9
Rockmill Almond Coffeecat,Stout - Sweet,6.5
Setka Apollo 19,Porter,7.8
Doctor Brew San Escobeer Marakuja,Pale Ale - American,3
Doctor Brew San Escobeer Mango,Pale Ale - American,3
Doctor Brew San Escobeer Pinacolada,Pale Ale - American,3
Doctor Brew San Escobeer Brzoskwinia,Low Alcohol,1.5
Huta Piwa / Stary Kraków American Saison,Saison,5.6
Primátor Nealko,Low Alcohol,0.5
Faktoria Alcatraz,Barley Wine / Wheat Wine,9.2
Nepomucen / AleBrowar Lazy Barry,Grodziskie/Gose/Lichtenhainer,3.6
Kingpin Pixie Dust,IPA - Imperial / Double,9
Rockmill Passion Parade,Berliner Weisse,3.8
PINTA Wesołych Świąt 2017,Porter - Imperial / Double,8.4
Szałpiw Rubus Idaeus Maleficus,Sour / Wild Ale,6.6
Piwne Podziemie Juicilicious,IPA - Hazy / New England,6.7
Rockmill Black Noble,Stout - Imperial,11
Rockmill Illusion,Stout - Imperial,12
Huta Piwa Handlowe,IPA - Imperial / Double,7.5
Pracownia Piwa Dark Side Of The Milk,Low Alcohol,2
PiwoWarownia Pożegnanie Korporacji with Cherry Wood,Stout - Imperial,10.3
PiwoWarownia Rumpelszpunt,Abbey Quadrupel / Abt,10.2
Podgórz Owca w Tropikach,Stout,6
PiwoWarownia Chmielum Polelum,IPA - Imperial / Double,8
Piwne Podziemie Double Ego,IPA - Imperial / Double,8.4
PINTA Koniec Świata,Sahti/Gotlandsdricke/Koduõlu,7.9
Pracownia Piwa Sour Trip: Sweden,Sour / Wild Ale,5.3
Funky Fluid Smooth Wheat IPA,Wheat Ale,5.4
PINTA Red Grape Ale,Fruit Beer,8.8
Funky Fluid Funny NEIPA,IPA - Hazy / New England,5.9
Funky Fluid Pils Please,Czech Pilsner (Světlý),4.6
PINTA Hazy Morning,Pale Ale - American,4.4
Szałpiw Fest Buba,Abbey Quadrupel / Abt,11
BrewDog Riptide,Stout - Imperial,8
Lindemans Kriek ,Lambic - Fruited,3.5
Solipiwko Barrel Nygus,Stout - Sweet,7.4
Piwne Podziemie / Palatum Mr. Happy,IPA - Imperial / Double,8.6
ReCraft Wee Heavy,Scotch Ale / Wee Heavy,8.5
Jopen Kruistocht van Thomas,American Strong Ale ,10
ReCraft Quadrupel,Abbey Quadrupel / Abt,9.5
Kormoran Chill Beer,IPA - Session,4.8
Camba Bavaria Black Pearl (Imperial Stout),Stout - Imperial,9.8
Piwojad Onyks,Stout - Imperial,8
Grand Champion Birofilia 2014 Dubbel Cieszyński,Abbey Dubbel,8.5
BrewDog Christmas Paradox 2012,Stout - Imperial,15
Nómada Imperial Russian Stout,Stout - Imperial,10.5
Three Floyds / Mikkeller Hvedegoop,Barley Wine / Wheat Wine,10.4
De Molen Hel & Verdoemenis Bruichladdich BA,Stout - Imperial,12
Zamkowy Cieszyn Rye Wine Cieszyńskie,Barley Wine / Wheat Wine,9.9
Palatum US,Bock - Weizenbock,8
Palatum Illusio,Abbey Tripel,8.2
Antybrowar Antygrawitacja,Brown Ale,4.3
Antybrowar Antykoncepcja,Pale Ale - American,5.3
Antybrowar Proboszcz,Stout - Dry,5
Antybrowar Antyoksydant,Belgian Ale,7.5
Rzeka Piwa Belzebóbr,Stout - Sweet,5.8
Piwoteka Zośka Straszybotka,Spice / Herb / Vegetable,5.5
Hopium Violetta Vanillas,Stout - Sweet,5
Hopium Hoppy-Wan Kenhoppy,IPA - Imperial / Double,7.5
Hopium Vincent Man Gogh,Fruit Beer,5.6
Hopium Miroslav Gose,Grodziskie/Gose/Lichtenhainer,5.3
PiwoWarownia Kawko i Mlekosz Nu Pagadi,Stout - Imperial,8
PiwoWarownia Pora Na Chmielesfora,IPA,6
PiwoWarownia Blada Marija,Sour / Wild Ale,0
La Pirata ¡Ay, Carmela!,IPA - Imperial / Double,9.3
Hoppy Lab Earl Grey Pale Ale,Pale Ale - American,0
PiwoWarownia Miętowa Panienka,Low Alcohol,2.5
Minister Ein Minister Malina,Berliner Weisse,3.2
Langier Beer Hazy Crazy,IPA,5.6
Langier Beer Forever White IPA,IPA,6
Langier Beer APA,Pale Ale - American,5.1
Minister Ein Minister,Berliner Weisse,3.2
Palatum Firmus,IPA,6.3
Palatum Sauria ,Sour / Wild Ale,3.6
Palatum Sentencio,IPA - Session,4.4
Rzeka Piwa Grim Beaver,Wheat Ale,4.8
Oskar Blues Old Chub,Scotch Ale / Wee Heavy,8
Brokreacja Big Boy Apricot,IPA,5.5
Piwojad Blanka,Witbier,5
Palatum Amicus Tropicus,Sour / Wild Ale,5.2
Hopium Fruitger Young	 ,Wheat Ale,4.5
Palatum Almanicus,Pilsener,5.4
Hopium Fruitger Hauer,Wheat Ale,5.8
Tattooed Beer Suzie Q,Pale Ale - American,5.2
Brokreacja Big Boy Strawberry,IPA,5.5
Spółdzielczy Gordyjyskie,Abbey Tripel,8.2
Spółdzielczy Rozwojowe,Pale Ale - American,5
Spółdzielczy Wyblinkowe,Sour / Wild Ale,3.5
Rzeka Piwa Prabóbr,IPA - Black / Dark,10.5
Pracownia Piwa Troszku NEIPA,IPA - Hazy / New England,5.8
Pracownia Piwa Kwaśne Przygody Brzoskwinia,Sour / Wild Ale,4.4
Artezan Te Czasy Się Skończyły,IPA,6.5
Prairie No Chill,Stout - Sweet,5.1
Maryensztadt RaISa Espresso,Stout - Imperial,9.4
Maryensztadt Belgijka Na Drugiej ,Abbey Dubbel,7.5
Pracownia Piwa Dwa Smoki,IPA,5.8
La Pirata / Les Trois Mousquetaires Barcelona Tropical,IPA,6.5
AleSmith Nut Brown English-Style Ale (Bottle and Draft),Brown Ale,5
Piwojad RIS 24 Whisky BA,Stout - Imperial,10.1
Piwojad Suska,Smoked,6.4
Piwojad Single Citrus Smoothie,IPA,5.6
Cztery Ściany Jama,IPA - Black / Dark,6
Amager / Against The Grain Minor Axident,IPA - Imperial / Double,8
Evil Twin / Omnipollo Half & Half Lemonade Ice Tea IPA,IPA,7
Dieu du Ciel! Aphrodisiaque,Stout,6.5
Piwojad Muffin,Stout - Sweet,5.1
Hopium Mick Lagger,Premium Lager,3.7
Pracownia Piwa Captain Baltic Winter Edition,Porter - Baltic,9.5
To Øl Gose To Hollywood,Grodziskie/Gose/Lichtenhainer,3.8
Pracownia Piwa Sady Modlniczki,Fruit Beer,6
Pracownia Piwa Hadra,IPA,5.9
Pracownia Piwa All Inclusive,Fruit Beer,2.3
Maryensztadt Mysterious IPA,IPA - Hazy / New England,6.5
To Øl Campale,Golden Ale / Blond Ale,6
Evil Twin / Omnipollo Pink Lemonade IPA,IPA,7
Maryensztadt Sourtime Agrest,Sour / Wild Ale,3.5
Dugges Orange Haze,IPA,6.4
Mikkeller Hva Såå?!,Belgian Ale,6.8
Põhjala Kirg,IPA,6
Staropramen Ležák (Premium Lager / Beer) 12°,Czech Pilsner (Světlý),5
Maryensztadt Polish Hop(e) ,Pale Ale - American,5.5
Maryensztadt Czarnolas ,IPA - Black / Dark,7.6
Mikkeller Single Hop Nelson Sauvin IPA,IPA,6.9
Brokreacja Imperialny Nafciarz Jack Daniels BA,Smoked,10
Brokreacja Deep Dark Sea Kirschwasser BA,Porter - Baltic,10.1
Brokreacja Espressoning,Stout - Sweet,4.4
Brokreacja The Blogger 2018,Czech Pilsner (Světlý),4
Brokreacja The Cop,Pilsener,4.7
Brokreacja Big Boy Strawberry,IPA,5.5
Brokreacja The Gravedigger Bourbon BA,Stout - Imperial,10.3
Brokreacja Wine Cake Polish Wine BA Vintage 2018,Barley Wine / Wheat Wine,11
Brokreacja Buried Alive,Smoked,9.5
Brokreacja Title Role - Salty Mole,Grodziskie/Gose/Lichtenhainer,4.5
Brokreacja The Butcher,IPA,7
Brokreacja Big Boy Lime,IPA,5.5
Victory Art Brew / Brokreacja Polskoe Shampanskoe,Grodziskie/Gose/Lichtenhainer,6.3
Brokreacja Buried Alive Laphroaig Barrel Aged,Smoked,9.5
Brokreacja Big Boy Cherry,IPA,5.5
Brokreacja The Blogger 2017,English Strong Ale,10.2
Brokreacja The Fighter,IPA - Imperial / Double,8.9
Brokreacja The Barber,IPA,5.8
Brokreacja Sweet Temptation,Barley Wine / Wheat Wine,10
Brokreacja Imperialny Nafciarz,Smoked,10
Brokreacja Deep Dark Sea Bourbon Barrel Aged Vintage 2018,Porter - Baltic,10.1
Brokreacja Battle Master 2017,Scotch Ale / Wee Heavy,10
Brokreacja Imperialny Nafciarz Laphroaig BA,Smoked,10
Brokreacja Certain Death,Smoked,9.5
Brokreacja The Blogger 2016 Red Wine BA,English Strong Ale,8.1
Brokreacja Big Boy Peach,IPA,5.3
Brokreacja Deep Dark Sea,Porter - Baltic,10.1
PINTA FanTassie ,Pale Ale - American,4.7
Szpunt Wormhole Bourbon BA,IPA - Imperial / Double,8
Wild Beer Bruty & the Yeast,IPA,6.6
Maryensztadt Grodzisz,Grodziskie/Gose/Lichtenhainer,3
Szpunt / Doctor Brew Astronom,IPA - Imperial / Double,10
Flying Dog The Truth Imperial IPA,IPA - Imperial / Double,8.7
Rodenbach Alexander,Sour Red / Brown,6
Tempest Dawsons Kviek,IPA,5.3
Collective Arts Ransack the Universe IPA,IPA,6.8
Pracownia Piwa Smoke In The Sour,Grodziskie/Gose/Lichtenhainer,3.5
Browar Jana American Stout,Stout - Foreign / Extra,6
Piwojad Single Tropical Smoothie,IPA - Hazy / New England,5.4
Collective Arts Collective Project: Imperial Porter,Porter - Imperial / Double,8.6
Fortuna Komes Porter Baltycki Sherry Oloroso,Porter - Baltic,9
Zamkowy Cieszyn Cieszyński Koźlak Dubeltowy,Bock - Doppelbock,8.9
Doctor Brew Double Mosaic Orange Acid,Sour / Wild Ale,4.8
Wild Beer Nebula,IPA - Session,5
Wild Beer / Side Project Rosa Rouge,Saison,5
Clock No Idols! 13° India Pale Lager,India Style Lager,5.5
Tiny Rebel Imperial Puft,Porter - Imperial / Double,9
Hopium John Limon,Wheat Ale,5
Hopium Penelope Trus,Fruit Beer,5.5
Szpunt Tianajpa,IPA,6
Murphys Irish Stout,Stout - Dry,4
Naparbier Sandokan ,IPA - Imperial / Double,8
Tattooed Beer Foxy Lady,Specialty Grain,0
Rockmill Juicy Melody,IPA - Imperial / Double,7.8
Spółdzielczy / Piwoteka Rożkowe,Grodziskie/Gose/Lichtenhainer,3.5
Spółdzielczy Knagowe,IPA,6.2
Spółdzielczy Proste,Pilsener,5
Palatum N44,Saison,5.3
Brokreacja The Butcher,IPA,7
Tattooed Beer Sailor Girl,IPA,6.2
Gzub Bombadil,Sour / Wild Ale,4.1
Artezan VI,IPA,6
Trzech Kumpli Califia,IPA,7
T.E.A Time Podgorskie,Pale Ale - English,4
T.E.A Time White Wolf,Stout,6
T.E.A Time Triumph,IPA - Session,4.5
T.E.A Time Cherokee,Wheat Ale,4.5
T.E.A Time Smooth Hopperator,Amber Ale,4.2
T.E.A Time Nettletrasher,Premium Bitter / ESB,4.8
T.E.A Time Platinum Blonde,Golden Ale / Blond Ale,4
T.E.A Time Black Prince,Porter,5
Ursa Maior Śnieg na Beniowej,Golden Ale / Blond Ale,4.2
Ursa Maior Dziki Kot z Berehów,IPA,6
Ursa Maior Dwa Misie,Belgian Strong Ale,6.7
Ursa Maior Wataha,English Strong Ale,7.2
Ursa Maior Drapieżnik,IPA - Session,5
Ursa Maior Sen Bieszczadnika,IPA,6
Jablonowo 16000 h.b.c. Barley Wine Hibiscus,Barley Wine / Wheat Wine,10.5
Perła Chmielowa (Hop Pearl),Pale Lager,6
Perła Export,Premium Lager,5.6
Trzech Kumpli Goedemorgen,IPA,6.5
Trzech Kumpli Szczyt Sezonu,Saison,7.4
Incognito New England IPA,IPA - Hazy / New England,6
Wizyta Gospodarska,Porter,8.1
Kazimierz Spichlerz Europy,Weissbier - Hefeweizen,5.3
Golem Cynik,Stout - Foreign / Extra,5.5
Dziki Wschód Kwaśny Olek Czarna Porzeczka,Berliner Weisse,3
Brewski Three Fourteen IPA,IPA,5.9
Trzech Kumpli Happy Days,Low Alcohol,1.3
Brewski / Cycle 50 States of Freedom,Berliner Weisse,3.9
Brewski Red Robot DIPA,IPA - Imperial / Double,7.5
Trzech Kumpli Piwo w Stylu Grodziskie,Grodziskie/Gose/Lichtenhainer,2.9
Kormoran 1 na 100 Pigwowiec i Miód,Low Alcohol,1
Brewski Barbarian IPA,IPA,6
Dwie Wieże Saison Red Wine Barrel Aged,Saison,6.3
Czarna Owca Porter Noster Cognac Barrel Aged,Porter - Baltic,9
Rockmill 100m,IPA - Imperial / Double,7.8
Jabeerwocky / Profesja Dobosz,Wheat Ale,4.1
Tenczynek "P" Milk Stout,Stout - Sweet,4.8
Tenczynek "P" IPA,IPA,6
Golem אובך אובך אובך (Owech Owech Owech Hazy TIPA),IPA - Imperial / Double,9.5
Brodacz Marty,IPA,5
Trzech Kumpli / Piwne Podziemie Tripadelic,Abbey Tripel,8.6
Rudy Kot,Imperial Pils/Strong Pale Lager,7
Okocim Žatecký Světlý Ležák,Czech Pilsner (Světlý),5
Browar Grodzisk Grodziska APA,Pale Ale - American,5.2
Okocim Polskie Ale,Amber Ale,5
Biały Kot,Premium Lager,5.5
Pracownia Piwa Hadra,IPA,5.9
Lubicz Leżak,Czech Pilsner (Světlý),5.6
Lubicz Pszeniczne,Weissbier - Hefeweizen,5.6
Lubicz Mistrzowskie,Fruit Beer,5.5
Lubicz APA,Pale Ale - American,5.6
Lubicz Zimowe,Dunkel / Tmavy,4.4
Lubicz Ciemne,Dunkel / Tmavy,5.1
Lubicz Marcowe,Oktoberfest / Märzen,6.5
Tenczynek "P" American Wheat,Wheat Ale,4.5
Jabłonowo Jasne Pełne,Pale Lager,5.8
Jan Olbracht Rzemieślniczy Śmietanka,Weissbier - Hefeweizen,5.6
Fortuna Komes Porter Baltycki,Porter - Baltic,9
Rockmill Juicy Delight,IPA - Hazy / New England,6.5
Grodzisk / Szałpiw Vermont IPA z kocimiętką,IPA,6
Golem אובך אובך (Owech Hazy DIPA),IPA - Imperial / Double,7.2
Browar Jana Jasne Pełne,Golden Ale / Blond Ale,5.2
La Trappe Quadrupel,Abbey Quadrupel / Abt,10
Tenczynek Pils,Pilsener,5.4
Birbant Atomic Lucy,IPA - Imperial / Double,7.8
Browar na Jurze La Bella Sicilia ,IPA,8
Browar na Jurze Ale Meksyk,Low Alcohol,2
AleBrowar What a Shot,IPA,5
Doctor Brew Experimental Vermont IPA,IPA,5.8
Birbant Jamarillo,California Common,5.6
Belhaven Scottish Ale (US Version),Scottish Ale,5.2
Perun Leśne Runo z wiśnią i czarną porzeczką,Grodziskie/Gose/Lichtenhainer,5
Książęce Ciemne Łagodne,Dunkel / Tmavy,4.1
Volfas Engelman Blond,Witbier,4.5
Piwoteka Angielka,Weissbier - Hefeweizen,5.5
Gloger Koks,Golden Ale / Blond Ale,5.3
Łańcut Das Is Kwass Wiśnia Malina ,Berliner Weisse,3.4
Tenczynek Pils,Pilsener,5.4
Trzech Kumpli American Beauty,Golden Ale / Blond Ale,5
Trzech Kumpli Califia,IPA,7
Lubuskie Truskawkowe,Fruit Beer,4.2
Piwoteka Limonka Hooligans,Pale Ale - American,5.1
Jurajskie Amerykańska Pszenica,Wheat Ale,4
Hoplala Perfekcyjna Pani Domu,Oktoberfest / Märzen,5.3
WRCLW Pils,Pilsener,5
Kormoran 1 na 100 Pigwowiec i Miód,Low Alcohol,1
Gniewosz Na Miodzie Akacjowym,Spice / Herb / Vegetable,5.6
Bytów Wojtas Na Gazie - Pils,Pilsener,4.3
Nook Po Korkach,Pale Ale - American,5
BeerLab Piaseczyńskie Polskie Żyto,Specialty Grain,5.1
Kormoran Wisnia w Piwie,Fruit Beer,5.2
Staropolski Staropolskie Miodne,Spice / Herb / Vegetable,4.7
Hoplala Piękna, Mądra, Zdolna,Pale Ale - American,5.4
Doctor Brew Pszeniczne,Weissbier - Hefeweizen,4
Witnica Lubuskie Czeska Dziesiątka,Czech Pilsner (Světlý),4.2
Lubuskie o Smaku Aloesu Winogron i Mięty,Spice / Herb / Vegetable,4.2
PINTA TakAHaka,IPA - Black / Dark,7.3
Browar Jana Owocowy Hefe-Weizen,Weissbier - Hefeweizen,5.6
Browar Jana Żytnie IPA,IPA,6.4
Staropolski Whisky Stout,Smoked,6.2
Jan Olbracht Rzemieślniczy Piernikowy Foch,Spice / Herb / Vegetable,5.6
Browar Jana Gruby Joe,Stout,6
Baltika 9 Krepkoe (Strong),Imperial Pils/Strong Pale Lager,8
Saku Alkoholivaba Õlu,Low Alcohol,0.3
PINTA Angielskie Śniadanie,Premium Bitter / ESB,5.3
Browar Jana Pils,Pilsener,5.6
Za Miastem Święty Spokój,IPA,6.5
Za Miastem Cichy Wieczór,Specialty Grain,5.8
Lindemans Faro,Lambic - Faro,4.5
Maryensztadt Czarnolas ,IPA - Black / Dark,7.6
Bytów Vermont IPA,IPA,5.9
La Trappe Blond,Belgian Ale,6.5
Barbakan Jasne,Pale Lager,5.9
Wawelskie Pils 11%,Pilsener,4.2
Kormoran BezGlutenNowe #1,Specialty Grain,4.9
Budweiser Budvar Bud B:Strong (Super Strong),Imperial Pils/Strong Pale Lager,7.5
Wąsosz 15 ,Imperial Pils/Strong Pale Lager,7.8
Jan Olbracht Rzemieślniczy  RIS,Stout - Imperial,12
Obolon Bile (White),Witbier,5
Konstancin IPA,IPA,6.2
Osowa Góra Singiel,Pale Ale - American,6.2
Staropolski Karaibski BEERat ,Wheat Ale,4.8
Staropolski Cfany ZBEER,Premium Lager,4.2
Fortuna Komes Barley Wine,Barley Wine / Wheat Wine,12
Trzy Korony Nowy Sacz Koźlak,Bock - Dunkler / Urbock,7.5
Trzy Korony Nowy Sacz Dunkel,Dunkel / Tmavy,5
Gentleman Beskidzki Traper,Amber Lager / Vienna,5.2
C.K. Browar Vermont IPA,IPA - Hazy / New England,5
C.K. Browar Miodowe,Dortmunder,5
C.K. Browar Dunkel,Bock - Dunkler / Urbock,7
C.K. Browar Weizen,Weissbier - Hefeweizen,0
C.K. Browar Jasne (Pils),Pilsener,5.5
C.K. Browar Radler,Radler / Shandy,3.4
C.K Browar Imbirowe (Ingwer),Spice / Herb / Vegetable,0
C.K. Browar AIPA,IPA,6
Bierhalle Piwo Ciemne (Dunkel),Dunkel / Tmavy,4.9
Revolta Tropical Wheat,Wheat Ale,4.8
Ksiaz ( Ksiazecy Specjal ),Pale Lager,5
Zamkowy Cieszyn Noszak,Pale Lager,5
De Helder -  Semi Dark,Polotmavý,4.6
Profesja Bard,Pale Ale - American,5.9
Lulu Raspberry APA,Pale Ale - American,4.9
Raduga African Queen,Pale Ale - American,5
Lulu Mango Hefeweizen,Fruit Beer,4.5
Kingpin Intergalactic,India Style Lager,5
Karpat Stout 13°,Stout,4.5
Karpat Belgian Wheat IPA 12,5%,IPA,4.8
Karpat Mustang American ALE 13°,Pale Ale - American,4.6
Karpat Summer California Ale 11.5,Pale Ale - American,4.5
Łańcut / Pinta Kryształ,Pale Lager,5.2
Łańcut Pospolite Ruszenie,Pale Ale - American,5.1
Amber Kozlak,Bock - Dunkler / Urbock,6.5
Lulu coffee stout,Stout - Sweet,4.5
Tesco Finest Porter,Porter,5.3
Browars HOPIN,IPA,5.6
Stary Browar Kościerzyna Irish Red Ale,Irish Ale,4.5
Waszczukowe Desitka,Czech Pilsner (Světlý),4.1
Gościszewo Czarne Krzyżackie,Schwarzbier,6.5
Setka Sekwoja,IPA,6.6
Brokreacja The Fighter,IPA - Imperial / Double,8.9
Faktoria Rio Bravo,Pale Ale - American,4.8
Birbant Jamarillo,California Common,5.6
Kościerzyna Red Lager,Amber Lager / Vienna,5.5
Browars Piwo Limanowskie Ale,Traditional Ale,4.7
Żywiec Sesyjne IPA,IPA - Session,5
Rockmill Episode 10: Rauchbock,Smoked,6.5
HedgeHog Cherry Milkshake Stout,Stout - Sweet,4.3
Jagiełło Nałęczowskie Ciemne,Dunkel / Tmavy,6
Zakarpatske Originalne,Pale Lager,4
Wawelskie Pszeniczne,Weissbier - Hefeweizen,5.5
Fischer Tradition,Pale Lager,6
Bernard Světlý Ležák 12° / Premium / Bohemian Lager,Czech Pilsner (Světlý),4.9
Wrężel ABRA,Specialty Grain,5.6
Wrężel AIPA,IPA,6.8
PiwoWarownia Córka Młynarza,Wheat Ale,4.8
Perun Dziedzictwo Lubelski,Pale Ale - American,5.4
Waszczukowe Dry Stout,Stout - Dry,5.3
Miłosław Warzy Śmiało - Borowikowe Ale,Spice / Herb / Vegetable,5.6
Trzech Kumpli Misty,IPA - Hazy / New England,5.5
Kingpin Most Wanted,Wheat Ale,4.9
Faktoria Rio Bravo z jałowcem,Pale Ale - American,4.8
Piwojad Czternastka,Czech Pilsner (Světlý),5.8
Książęce IPA,IPA,5.4
Rockmill Episode 9: American Lager Citra & Simcoe,India Style Lager,5.2
Tesco Finest Unfiltered Wheat Pear,Fruit Beer,4.2
Lulu Peach Gose,Grodziskie/Gose/Lichtenhainer,3.5
Staropolski Kultowe Karmelowe,Dunkel / Tmavy,4.8
Amber Po Godzinach Marcowe,Oktoberfest / Märzen,0
Stara Zajezdnia Śliwkowe (Plum),Fruit Beer,4.8
Książęce Ciemne Łagodne,Dunkel / Tmavy,4.1
Gloger Atomowa Babka,Belgian Ale,5.7
Lvivske Porter,Porter - Baltic,8
Birra Antoniana Scudata,Pale Lager,5.2
Birra Antoniana Stile Vienna,Amber Lager / Vienna,5.4
Roman Ale,Belgian Ale,5
Polczyn-Zdroj / Fuhrmann Swojskie Czarne,Dunkel / Tmavy,4.5
Gloger Wredna Morga,Golden Ale / Blond Ale,4.5
Gloger Koks,Golden Ale / Blond Ale,5.3
Złoty Łan APA,Pale Ale - American,5.5
Tenczynek "P" IPA,IPA,6
Browar Jana Pils,Pilsener,5.6
Zambos Beer Special,Pale Lager,3
Browars Risnieft,Stout - Imperial,8
Grand Champion 2016 Fruit Wheat Beer,Fruit Beer,5.5
Spiz Pszeniczne (Weizenbier),Weissbier - Hefeweizen,3.5
Spiz Miodowe,Spice / Herb / Vegetable,0
Spiz Pils,Pilsener,0
Spiz Ciemne (Dunkelbier) 13 %,Dunkel / Tmavy,6
Spiz Jasne,Premium Lager,0
Spiz Czekoladowe,Spice / Herb / Vegetable,6
Spiz AIPA,IPA,0
Tyskie Gronie,Pale Lager,5.5
PINTA Shakalaka IPA,IPA,6.4
PINTA Sangriale,Fruit Beer,4.9
Kustosz 100% Chmiel Sybilla,Pale Lager,5.5
EB Premium,Pale Lager,5.2
PINTA Modern Drinking,IPA,6.4
Hoplala Pożyczony narzeczony,IPA,6.3
Browar Jana Agrest,Sour / Wild Ale,3.8
Hoplala Perfekcyjna Pani Domu,Oktoberfest / Märzen,5.3
Jurajskie Wiśnia w Czekoladzie,Fruit Beer,5
Hoplala Kiss & Fly,India Style Lager,3.8
Nepomucen / Pinta Viva Śliwa,Grodziskie/Gose/Lichtenhainer,3.9
Łańcut Das Is Kwass,Berliner Weisse,3.4
Grimbergen Optimo Bruno,Abbey Quadrupel / Abt,10
Petrus Aged Pale,Sour / Wild Ale,7.3
Petrus Aged Red,Sour Red / Brown,8.5
Petrus Roodbruin,Sour Red / Brown,5.5
Doctor Brew Victoria American IPA,IPA,6.9
Rockmill Maverick,Pale Ale - American,4.7
BeerLab Piaseczyńskie Polskie Żyto,Specialty Grain,5.1
PINTA Pierwsza Pomoc,Czech Pilsner (Světlý),4.1
Za Miastem Cichy Wieczór,Specialty Grain,5.8
Doctor Brew Experimental Vermont IPA,IPA,5.8
AleBrowar King of Hop,Pale Ale - American,5
Doctor Brew Experimental Summer Ale,Pale Ale - American,4.2
Gloger Wesołe Ziele,IPA,5.5
Nepomucen Labirytm,Pale Ale - American,4.4
Amber Żywe,Pale Lager,6.2
Wrężel Miś Wojtek Summer Ale,Golden Ale / Blond Ale,4.7
Gloger Bosa Rosa,Spice / Herb / Vegetable,6
Doctor Brew Honeycomb,Spice / Herb / Vegetable,4
Browar na Jurze Rycząca Czterdziestka,Belgian Strong Ale,9.5
Owocowe Love / Czerwone,Fruit Beer,4
Primátor Stout,Stout - Dry,4.8
Primátor 24 Double,Bock - Doppelbock,10.5
PINTA IIPPAA,IPA - Imperial / Double,8.1
PINTA Hopby,Pale Ale - American,4
PINTA Express IPA,IPA,6
